{
  "version": 1,
  "author": "ibnu aziz",
  "editor": "wokwi",
  "parts": [
    {
      "type": "wokwi-esp32-devkit-v1",
      "id": "esp",
      "top": 81.33,
      "left": -32,
      "attrs": { "env": "micropython-20220618-v1.19.1" }
    },
    { "type": "board-ssd1306", "id": "oled1", "top": -39.26, "left": -5.5, "attrs": {} },
    { "type": "wokwi-dht22", "id": "dht1", "top": -38.1, "left": -158.2, "attrs": {} }
  ],
  "connections": [
    [ "esp:TX0", "$serialMonitor:RX", "", [] ],
    [ "esp:RX0", "$serialMonitor:TX", "", [] ],
    [ "oled1:GND", "esp:GND.1", "black", [ "v-17.47", "h70.83", "v280.67" ] ],
    [ "oled1:SCL", "esp:D22", "green", [ "v-10.8", "h63.93", "v156.67" ] ],
    [ "oled1:SDA", "esp:D21", "green", [ "v-14.14", "h60.1", "v195.33" ] ],
    [ "dht1:GND", "esp:GND.1", "black", [ "v4.27", "h202.57", "v147.33" ] ],
    [ "dht1:VCC", "esp:VIN", "red", [ "v14.93", "h99.37", "v149.33" ] ],
    [ "dht1:SDA", "esp:D27", "green", [ "v23.6", "h79.2", "v2.67" ] ],
    [ "oled1:VCC", "esp:3V3", "red", [ "v-8.04", "h79", "v279.75" ] ]
  ],
  "dependencies": {}
}